id,name,age_in_season,position,season_for_prediction,predicted_potential
5216,Andrés Iniesta Luján,21,Midfielder,2005_2006,156.21823120117188
5216,Andrés Iniesta Luján,20,Midfielder,2004_2005,155.70889282226562
5208,Thiago Alcântara do Nascimento,20,Midfielder,2011_2012,146.66090393066406
5203,Sergio Busquets i Burgos,21,Midfielder,2009_2010,146.03143310546875
5208,Thiago Alcântara do Nascimento,21,Midfielder,2012_2013,144.8002471923828
5208,Thiago Alcântara do Nascimento,19,Midfielder,2010_2011,142.5999755859375
5203,Sergio Busquets i Burgos,20,Midfielder,2008_2009,141.42124938964844
8234,Ignacio Camacho Barnola,21,Midfielder,2011_2012,140.30111694335938
6580,José Luis García del Pozo,21,Midfielder,2012_2013,138.53489685058594
6384,Gabriel Fernández Arenas,21,Midfielder,2004_2005,135.62786865234375
4926,Francisco Román Alarcón Suárez,20,Midfielder,2012_2013,134.62002563476562
6697,Daniel Ceballos Fernández,19,Midfielder,2015_2016,133.40463256835938
6381,Saúl Ñíguez Esclapez,21,Midfielder,2015_2016,132.84275817871094
4926,Francisco Román Alarcón Suárez,21,Midfielder,2013_2014,132.1158447265625
6697,Daniel Ceballos Fernández,20,Midfielder,2016_2017,130.26931762695312
6659,Víctor Camarasa Ferrando,21,Midfielder,2015_2016,128.6694793701172
4926,Francisco Román Alarcón Suárez,19,Midfielder,2011_2012,128.42367553710938
5678,Jefferson Andrés Lerma Solís,21,Midfielder,2015_2016,127.7199935913086
6609,Denis Suárez Fernández,21,Midfielder,2015_2016,127.5822525024414
5719,Marco Asensio Willemsen,19,Midfielder,2015_2016,126.22322082519531
3606,Ander Herrera Agüera,20,Midfielder,2009_2010,125.73475646972656
8234,Ignacio Camacho Barnola,20,Midfielder,2010_2011,125.11974334716797
5504,Éver Maximiliano David Banega,21,Midfielder,2009_2010,124.10260009765625
6595,Daniel Parejo Muñoz,21,Midfielder,2010_2011,124.0696029663086
10802,André Filipe Tavares Gomes,21,Midfielder,2014_2015,122.09619140625
6391,Raúl García Escudero,18,Midfielder,2004_2005,120.80961608886719
6381,Saúl Ñíguez Esclapez,20,Midfielder,2014_2015,120.38050079345703
6563,Juan Pablo Añor Acosta,21,Midfielder,2015_2016,119.77519989013672
6829,Samuel Castillejo Azuaga,20,Midfielder,2015_2016,119.52732849121094
6671,Asier Illarramendi Andonegi,21,Midfielder,2011_2012,119.28226470947266
6377,Ángel Martín Correa,20,Midfielder,2015_2016,118.01483154296875
6580,José Luis García del Pozo,20,Midfielder,2011_2012,116.89739227294922
6829,Samuel Castillejo Azuaga,21,Midfielder,2016_2017,115.23486328125
6599,Rubén Salvador Pérez Del Mármol,21,Midfielder,2010_2011,114.92711639404297
6742,Sergio Gontán Gallardo,18,Midfielder,2009_2010,114.47244262695312
30486,Pedro González López,18,Midfielder,2020_2021,114.27181243896484
6357,Jonathan dos Santos Ramírez,21,Midfielder,2011_2012,111.57451629638672
6377,Ángel Martín Correa,21,Midfielder,2016_2017,111.46658325195312
12021,Óliver Torres Muñoz,21,Midfielder,2015_2016,111.09759521484375
6758,Víctor Sánchez Mata,21,Midfielder,2008_2009,110.98748016357422
6998,Rafael Alcântara do Nascimento,21,Midfielder,2014_2015,110.13690948486328
6926,Alen Halilović,19,Midfielder,2015_2016,109.36239624023438
6391,Raúl García Escudero,21,Midfielder,2007_2008,108.994384765625
3606,Ander Herrera Agüera,21,Midfielder,2010_2011,108.80915832519531
6736,Álvaro Medrán Just,21,Midfielder,2015_2016,108.50753784179688
6829,Samuel Castillejo Azuaga,19,Midfielder,2014_2015,108.39278411865234
5456,Mateo Kovačić,21,Midfielder,2015_2016,106.94315338134766
6391,Raúl García Escudero,20,Midfielder,2006_2007,106.37569427490234
4320,Neymar da Silva Santos Junior,21,Attacker,2013_2014,105.4941635131836
6764,Pablo Fornals Malla,19,Midfielder,2015_2016,104.96305847167969
5719,Marco Asensio Willemsen,20,Midfielder,2016_2017,104.69096374511719
6381,Saúl Ñíguez Esclapez,19,Midfielder,2013_2014,104.50415802001953
6659,Víctor Camarasa Ferrando,20,Midfielder,2014_2015,103.80025482177734
5199,Jorge Resurrección Merodio,19,Midfielder,2011_2012,103.32183837890625
6389,Mikel San José Domínguez,20,Midfielder,2009_2010,102.71315002441406
5199,Jorge Resurrección Merodio,18,Midfielder,2010_2011,101.15428161621094
6357,Jonathan dos Santos Ramírez,19,Midfielder,2009_2010,100.9482421875
10037,Danilo Barbosa da Silva,19,Midfielder,2015_2016,100.29931640625
10868,Ricardo Jorge Luz Horta,21,Midfielder,2015_2016,99.938232421875
6357,Jonathan dos Santos Ramírez,20,Midfielder,2010_2011,99.8318099975586
6926,Alen Halilović,20,Midfielder,2016_2017,99.6548843383789
27251,Francisco José Perdomo Borges,21,Midfielder,2015_2016,99.4257583618164
24841,Ricard Puig Martí,20,Midfielder,2019_2020,98.16412353515625
24453,Josip Radošević,21,Midfielder,2015_2016,97.93575286865234
24841,Ricard Puig Martí,21,Midfielder,2020_2021,97.53217315673828
5487,Antoine Griezmann,21,Attacker,2012_2013,97.26525115966797
6764,Pablo Fornals Malla,20,Midfielder,2016_2017,96.738037109375
26607,José Raúl Baena Urdiales,21,Midfielder,2010_2011,96.47434997558594
6655,Fabián Ruiz Peña,20,Midfielder,2016_2017,96.2491683959961
18867,Matías Nahuel Leiva Esquivel,19,Midfielder,2015_2016,95.84929656982422
6764,Pablo Fornals Malla,21,Midfielder,2017_2018,95.77069854736328
6926,Alen Halilović,21,Midfielder,2017_2018,95.51799011230469
3601,Charly Musonda Junior,19,Midfielder,2015_2016,95.48564147949219
6655,Fabián Ruiz Peña,19,Midfielder,2015_2016,95.2880630493164
5719,Marco Asensio Willemsen,21,Midfielder,2017_2018,95.18866729736328
6595,Daniel Parejo Muñoz,20,Midfielder,2009_2010,94.53358459472656
6391,Raúl García Escudero,19,Midfielder,2005_2006,93.52764892578125
5487,Antoine Griezmann,20,Attacker,2011_2012,92.85661315917969
5485,Raphaël Varane,21,Defender,2014_2015,92.71189880371094
5201,Sergio Ramos García,21,Defender,2007_2008,92.49154663085938
5201,Sergio Ramos García,20,Defender,2006_2007,92.25233459472656
26782,José Antonio Delgado Villar,20,Midfielder,2013_2014,92.15767669677734
5211,Jordi Alba Ramos,21,Defender,2010_2011,91.85733032226562
13599,Carles Aleña Castillo,20,Midfielder,2018_2019,91.09156799316406
6899,Rubén Pardo Gutiérrez,20,Midfielder,2012_2013,90.58244323730469
12021,Óliver Torres Muñoz,18,Midfielder,2012_2013,90.4780044555664
5503,Lionel Andrés Messi Cuccittini,21,Attacker,2008_2009,90.33682250976562
5208,Thiago Alcântara do Nascimento,18,Midfielder,2009_2010,90.17767333984375
6701,Joan Jordán Moreno,21,Midfielder,2015_2016,89.97137451171875
6655,Fabián Ruiz Peña,21,Midfielder,2017_2018,89.96004486083984
3601,Charly Musonda Junior,20,Midfielder,2016_2017,89.82139587402344
18867,Matías Nahuel Leiva Esquivel,21,Midfielder,2017_2018,89.81449890136719
4353,Aymeric Laporte,20,Defender,2014_2015,89.68238067626953
7005,João Pedro Cavaco Cancelo,21,Defender,2015_2016,89.25936126708984
6612,Rubén Duarte Sánchez,20,Defender,2015_2016,89.25936126708984
18867,Matías Nahuel Leiva Esquivel,20,Midfielder,2016_2017,89.22098541259766
6925,Jairo Samperio Bustara,20,Midfielder,2013_2014,88.1825942993164
4353,Aymeric Laporte,21,Defender,2015_2016,87.93602752685547
5259,José María Giménez de Vargas,20,Defender,2015_2016,87.93602752685547
3324,Eric Bertrand Bailly,21,Defender,2015_2016,87.82715606689453
5504,Éver Maximiliano David Banega,20,Midfielder,2008_2009,87.74266052246094
39073,Moriba Kourouma Kourouma,17,Midfielder,2020_2021,87.71802520751953
6679,Aritz Elustondo Irribaria,21,Defender,2015_2016,87.60408782958984
13599,Carles Aleña Castillo,21,Midfielder,2019_2020,87.5998306274414
6665,Íñigo Martínez Berridi,21,Defender,2012_2013,87.40404510498047
6802,Jonathan Castro Otto,21,Defender,2015_2016,87.37968444824219
6592,Rúben Miguel Nunes Vezo,21,Defender,2015_2016,87.2684097290039
24234,Juan Domínguez Lamas,20,Midfielder,2010_2011,86.98519897460938
6609,Denis Suárez Fernández,20,Midfielder,2014_2015,86.85440063476562
5487,Antoine Griezmann,19,Attacker,2010_2011,86.79914093017578
8818,Jorge Meré Pérez,18,Defender,2015_2016,86.61732482910156
27052,Lévy Clément Madinda,21,Midfielder,2013_2014,85.73846435546875
5199,Jorge Resurrección Merodio,20,Midfielder,2012_2013,85.51262664794922
24132,Francisco Miguel Varela Martín,21,Defender,2015_2016,85.37269592285156
7154,Sebastián Carlos Cristóforo Pepe,20,Midfielder,2013_2014,85.32018280029297
5199,Jorge Resurrección Merodio,21,Midfielder,2013_2014,85.1810073852539
6673,Sergio Canales Madrazo,20,Midfielder,2011_2012,85.10993194580078
6935,Adrián Marín Gómez,18,Defender,2015_2016,85.01653289794922
6844,Federico Ricca Rostagnol,21,Defender,2015_2016,85.01653289794922
6563,Juan Pablo Añor Acosta,20,Midfielder,2014_2015,84.8547592163086
4926,Francisco Román Alarcón Suárez,18,Midfielder,2010_2011,84.68448638916016
6856,Carlos Martín Vigaray,21,Defender,2015_2016,84.62471008300781
7692,Mauricio Lemos Merladet,20,Defender,2015_2016,84.62471008300781
6593,Martín Montoya Torralbo,20,Defender,2011_2012,84.48755645751953
17054,Emiliano Daniel Velázquez Maldonado,21,Defender,2015_2016,84.33716583251953
21881,Sergino Dest,20,Defender,2020_2021,83.9458999633789
6673,Sergio Canales Madrazo,18,Midfielder,2009_2010,83.87593841552734
43728,Óscar Mingueza García,21,Defender,2020_2021,83.55406188964844
6580,José Luis García del Pozo,19,Midfielder,2010_2011,83.50109100341797
5259,José María Giménez de Vargas,19,Defender,2014_2015,83.4009780883789
6762,Álvaro González Soberón,21,Defender,2011_2012,82.552490234375
6890,Andreu Fontàs Prat,21,Defender,2010_2011,82.46743774414062
4913,Bojan Krkíc Pérez,17,Attacker,2007_2008,81.75676727294922
4913,Bojan Krkíc Pérez,18,Attacker,2008_2009,81.71964263916016
6899,Rubén Pardo Gutiérrez,21,Midfielder,2013_2014,81.14105987548828
6593,Martín Montoya Torralbo,21,Defender,2012_2013,81.06573486328125
8234,Ignacio Camacho Barnola,17,Midfielder,2007_2008,80.88977813720703
6935,Adrián Marín Gómez,21,Defender,2018_2019,80.74736022949219
5503,Lionel Andrés Messi Cuccittini,19,Attacker,2006_2007,80.53550720214844
7692,Mauricio Lemos Merladet,21,Defender,2016_2017,80.43805694580078
6557,Adrián González Morales,21,Midfielder,2009_2010,80.36334991455078
6675,Antonio Manuel Luna Rodríguez,21,Defender,2012_2013,80.19876861572266
32480,Ronald Federico Araújo da Silva,20,Defender,2019_2020,80.1386489868164
6770,Esteban Félix Granero Molina,21,Midfielder,2008_2009,79.6529312133789
5552,Marcelo Vieira da Silva Júnior,21,Defender,2009_2010,79.09154510498047
23943,Rubén García Santos,20,Midfielder,2013_2014,78.95889282226562
5485,Raphaël Varane,20,Defender,2013_2014,78.68646240234375
6998,Rafael Alcântara do Nascimento,20,Midfielder,2013_2014,78.43074035644531
10868,Ricardo Jorge Luz Horta,20,Midfielder,2014_2015,78.21532440185547
4913,Bojan Krkíc Pérez,20,Attacker,2010_2011,78.05242919921875
4913,Bojan Krkíc Pérez,19,Attacker,2009_2010,77.64900970458984
6596,José Luis Gayà Peña,20,Defender,2015_2016,77.43534851074219
6899,Rubén Pardo Gutiérrez,19,Midfielder,2011_2012,77.24507141113281
6675,Antonio Manuel Luna Rodríguez,20,Defender,2011_2012,77.24378967285156
3958,Pedro Eliezer Rodríguez Ledesma,21,Attacker,2008_2009,77.24305725097656
23943,Rubén García Santos,21,Midfielder,2014_2015,76.85674285888672
5484,Lucas Hernández Pi,-3,Defender,2015_2016,76.62775421142578
5484,Lucas Hernández Pi,0,Defender,2018_2019,76.47682189941406
5484,Lucas Hernández Pi,-1,Defender,2017_2018,76.20912170410156
32480,Ronald Federico Araújo da Silva,21,Defender,2020_2021,76.08006286621094
5503,Lionel Andrés Messi Cuccittini,18,Attacker,2005_2006,76.07502746582031
26607,José Raúl Baena Urdiales,20,Midfielder,2009_2010,75.66596984863281
4418,Matheus Dória Macedo,21,Defender,2015_2016,72.77726745605469
24069,Ibrahima Baldé,20,Midfielder,2009_2010,72.31990814208984
6925,Jairo Samperio Bustara,18,Midfielder,2011_2012,72.26924133300781
6658,Cristian Tello Herrera,21,Attacker,2012_2013,72.1307373046875
7034,Mateo Pablo Musacchio,21,Defender,2011_2012,72.04615020751953
5213,Gerard Piqué Bernabéu,21,Defender,2008_2009,71.82540893554688
6796,Nemanja Radoja,21,Midfielder,2014_2015,71.65870666503906
30454,Francisco José Sánchez Rodríguez,19,Midfielder,2015_2016,71.6030044555664
6772,Mario Gaspar Pérez Martínez,20,Defender,2010_2011,71.52379608154297
6665,Íñigo Martínez Berridi,20,Defender,2011_2012,71.429931640625
6673,Sergio Canales Madrazo,21,Midfielder,2012_2013,71.26835632324219
7068,Marc Bartra Aregall,21,Defender,2012_2013,71.2149658203125
17054,Emiliano Daniel Velázquez Maldonado,20,Defender,2014_2015,71.0496826171875
6596,José Luis Gayà Peña,21,Defender,2016_2017,71.03252410888672
11813,Emiliano Buendía,19,Defender,2015_2016,70.77596282958984
6402,Francisco Alcácer García,21,Attacker,2014_2015,70.64488983154297
6873,Francisco Portillo Soler,21,Midfielder,2011_2012,70.03180694580078
4546,Dimitri Foulquier,21,Defender,2014_2015,69.31590270996094
6658,Cristian Tello Herrera,20,Attacker,2011_2012,68.81317901611328
6614,Alexis Ruano Delgado,20,Defender,2005_2006,68.11691284179688
5201,Sergio Ramos García,19,Defender,2005_2006,68.04689025878906
26023,Juan Francisco García García,21,Defender,2006_2007,68.00878143310547
5987,Giovani dos Santos Ramírez,18,Attacker,2007_2008,66.77824401855469
5477,Ousmane Dembélé,21,Attacker,2018_2019,66.104736328125
3726,Gerard Deulofeu Lázaro,20,Midfielder,2014_2015,66.04219818115234
6589,Geoffrey Kondogbia,19,Midfielder,2012_2013,65.75434875488281
26782,José Antonio Delgado Villar,18,Midfielder,2011_2012,65.26261901855469
30756,Anssumane Fati,18,Attacker,2020_2021,65.21634674072266
22390,Francisco António Machado Mota de Castro Trincão,21,Attacker,2020_2021,65.15481567382812
5552,Marcelo Vieira da Silva Júnior,20,Defender,2008_2009,65.15411376953125
6383,Thomas Teye Partey,21,Midfielder,2014_2015,65.01941680908203
6675,Antonio Manuel Luna Rodríguez,19,Defender,2010_2011,64.9521713256836
5477,Ousmane Dembélé,20,Attacker,2017_2018,64.73164367675781
3990,Jesé Rodríguez Ruiz,21,Attacker,2014_2015,63.861907958984375
6382,Fernando José Torres Sanz,21,Attacker,2005_2006,63.601600646972656
7034,Mateo Pablo Musacchio,20,Defender,2010_2011,63.5997200012207
6388,Ander Iturraspe Derteano,20,Midfielder,2009_2010,62.845458984375
7063,Jefferson Antonio Montero Vite,21,Midfielder,2010_2011,62.814430236816406
5503,Lionel Andrés Messi Cuccittini,20,Attacker,2007_2008,62.66538619995117
6880,Arnaldo Antonio Sanabria Ayala,19,Attacker,2015_2016,62.38050079345703
6393,Iñaki Williams Arthuer,21,Attacker,2015_2016,62.23341369628906
24144,Ángel Montoro Sánchez,19,Midfielder,2007_2008,62.21531677246094
11603,Mario Pašalić,19,Midfielder,2014_2015,62.00672149658203
6728,Federico Nicolás Cartabia,21,Attacker,2014_2015,61.89054489135742
6616,Munir El Haddadi Mohamed,19,Attacker,2014_2015,61.399147033691406
8522,Armindo Tué Na Bangna,21,Attacker,2015_2016,60.971805572509766
5248,José Martín Cáceres Silva,21,Defender,2008_2009,60.75186538696289
6918,Isaac Ajayi Success,19,Attacker,2015_2016,60.488800048828125
6612,Rubén Duarte Sánchez,19,Defender,2014_2015,60.36371994018555
3726,Gerard Deulofeu Lázaro,17,Midfielder,2011_2012,60.324005126953125
6616,Munir El Haddadi Mohamed,20,Attacker,2015_2016,60.306339263916016
27241,Víctor Guillermo Álvarez Delgado,21,Defender,2014_2015,60.11882019042969
24173,Carlos Castro García,20,Attacker,2015_2016,60.07334899902344
30756,Anssumane Fati,17,Attacker,2019_2020,59.99824523925781
6685,Mikel Oyarzabal Ugarte,18,Attacker,2015_2016,59.95901870727539
7005,João Pedro Cavaco Cancelo,20,Defender,2014_2015,59.63373947143555
26602,Carlos Lázaro Vallejo,19,Midfielder,2009_2010,59.433834075927734
8801,Iván López Mendoza,21,Defender,2014_2015,59.31960678100586
6594,Santiago Mina Lorenzo,20,Attacker,2015_2016,59.20915985107422
24127,Ramon Olamilekan Azeez,21,Midfielder,2013_2014,58.94371795654297
6685,Mikel Oyarzabal Ugarte,20,Attacker,2017_2018,58.607242584228516
6685,Mikel Oyarzabal Ugarte,19,Attacker,2016_2017,58.16966247558594
25831,Jean Marie Dongou Tsafack,18,Midfielder,2013_2014,58.10354232788086
7701,Franco Zuculini,21,Midfielder,2011_2012,57.87041091918945
6685,Mikel Oyarzabal Ugarte,21,Attacker,2018_2019,57.78533935546875
6616,Munir El Haddadi Mohamed,21,Attacker,2016_2017,56.99645233154297
3109,Malcom Filipe Silva de Oliveira,21,Attacker,2018_2019,56.895355224609375
5552,Marcelo Vieira da Silva Júnior,19,Defender,2007_2008,56.647796630859375
6605,Joseba Zaldúa Bengoetxea,21,Defender,2013_2014,56.364990234375
23785,Théo Bongonda Mbul''Ofeko Batombo,20,Attacker,2015_2016,56.34931945800781
23985,José Antonio Caro Martínez,19,Defender,2013_2014,56.056396484375
6614,Alexis Ruano Delgado,19,Defender,2004_2005,56.056396484375
16622,Mikel González de Martín Martínez,21,Defender,2006_2007,56.056396484375
5211,Jordi Alba Ramos,20,Defender,2009_2010,56.056396484375
11813,Emiliano Buendía,18,Defender,2014_2015,55.927467346191406
26776,Juan Isaac Cuenca López,20,Attacker,2011_2012,55.90495300292969
6375,Juan Francisco Torres Belén,20,Defender,2005_2006,55.892818450927734
6593,Martín Montoya Torralbo,19,Defender,2010_2011,55.892818450927734
15651,Juan Bernat Velasco,19,Defender,2012_2013,55.892818450927734
6887,Jonás Ramalho Chimeno,19,Defender,2012_2013,55.84858322143555
6805,Hugo Mallo Novegil,21,Defender,2012_2013,55.84858322143555
4353,Aymeric Laporte,19,Defender,2013_2014,55.84858322143555
24686,Roberto Canella Suárez,21,Defender,2009_2010,55.84858322143555
26163,Marc Torrejón Moya,20,Defender,2006_2007,55.77377700805664
6349,Federico Julián Fazio,21,Defender,2008_2009,55.59779739379883
22102,Adriano Correia Claro,21,Defender,2005_2006,55.43421936035156
6379,Sergi Roberto Carnicer,19,Defender,2011_2012,55.414981842041016
7068,Marc Bartra Aregall,18,Defender,2009_2010,55.30141830444336
26650,Guilherme Oliveira Santos,20,Defender,2008_2009,55.30141830444336
6826,Clément Lenglet,21,Defender,2016_2017,55.21825408935547
3269,Francisco Femenía Far,19,Defender,2010_2011,55.11860275268555
26507,Rafael Romero Serrano,21,Defender,2007_2008,55.11860275268555
6594,Santiago Mina Lorenzo,21,Attacker,2016_2017,54.991737365722656
25848,César Arzo Amposta,20,Defender,2006_2007,54.910789489746094
6847,Adalberto Peñaranda Maestre,18,Attacker,2015_2016,54.33437728881836
7907,Pedro Bigas Rigo,21,Defender,2011_2012,54.13190841674805
6847,Adalberto Peñaranda Maestre,20,Attacker,2017_2018,53.93056869506836
6847,Adalberto Peñaranda Maestre,19,Attacker,2016_2017,53.81425094604492
5199,Jorge Resurrección Merodio,17,Midfielder,2009_2010,53.58738708496094
23785,Théo Bongonda Mbul''Ofeko Batombo,21,Attacker,2016_2017,53.46459197998047
5248,José Martín Cáceres Silva,20,Defender,2007_2008,53.36384201049805
6626,Mubarak Wakaso,21,Midfielder,2011_2012,53.1165657043457
6390,Markel Susaeta Laskurain,21,Attacker,2008_2009,52.55012512207031
4546,Dimitri Foulquier,20,Defender,2013_2014,52.43263626098633
13599,Carles Aleña Castillo,18,Midfielder,2016_2017,52.41909408569336
6735,Adrián López Álvarez,20,Attacker,2008_2009,52.30903625488281
6802,Jonathan Castro Otto,20,Defender,2014_2015,52.27523422241211
5503,Lionel Andrés Messi Cuccittini,17,Attacker,2004_2005,52.062095642089844
3486,Fernando Llorente Torres,21,Attacker,2006_2007,51.99040603637695
11675,Moisés Gómez Bordonado,21,Attacker,2015_2016,51.70779800415039
6735,Adrián López Álvarez,21,Attacker,2009_2010,51.637115478515625
6880,Arnaldo Antonio Sanabria Ayala,20,Attacker,2016_2017,51.32796096801758
7030,Raúl Albiol i Tortajada,21,Defender,2006_2007,51.3199348449707
26163,Marc Torrejón Moya,21,Defender,2007_2008,51.318443298339844
26624,Jeffren Isaac Suárez Bermúdez,21,Attacker,2009_2010,50.66221618652344
3362,Marlon Santos da Silva Barbosa,21,Defender,2016_2017,50.64732360839844
6807,Roberto Suárez Pier,20,Defender,2015_2016,50.486488342285156
3957,César Azpilicueta Tanco,18,Defender,2007_2008,50.41741943359375
6802,Jonathan Castro Otto,19,Defender,2013_2014,50.256160736083984
6886,Dídac Vilá Rosselló,20,Defender,2009_2010,50.21466827392578
6379,Sergi Roberto Carnicer,21,Defender,2013_2014,50.16926574707031
6596,José Luis Gayà Peña,19,Defender,2014_2015,50.15452194213867
4558,Pape Cheikh Diop Gueye,18,Midfielder,2015_2016,50.0528678894043
7068,Marc Bartra Aregall,20,Defender,2011_2012,49.96165084838867
6652,Jordi Amat Maas,20,Defender,2012_2013,49.895896911621094
3486,Fernando Llorente Torres,20,Attacker,2005_2006,49.508262634277344
24173,Carlos Castro García,21,Attacker,2016_2017,48.80499267578125
6705,José Ángel Valdés Díaz,21,Defender,2010_2011,48.791046142578125
3990,Jesé Rodríguez Ruiz,20,Attacker,2013_2014,48.7340202331543
3508,Sandro Ramírez Castillo,19,Attacker,2014_2015,48.38764572143555
24617,Eduard Campabadal Claros,21,Defender,2014_2015,48.33504867553711
26028,Fernando Amorebieta Mardaras,20,Defender,2005_2006,48.333831787109375
9542,Tiago Abiola Delfim Almeida Ilori,20,Defender,2013_2014,48.107574462890625
3324,Eric Bertrand Bailly,20,Defender,2014_2015,47.81847381591797
5485,Raphaël Varane,19,Defender,2012_2013,47.81126403808594
21399,Pablo Ínsua Blanco,19,Defender,2012_2013,47.81126403808594
26448,Javier Garrido Behovide,21,Defender,2006_2007,47.81126403808594
6865,Francisco José Molinero Calderón,20,Defender,2005_2006,47.81126403808594
3498,Ignacio Monreal Eraso,21,Defender,2007_2008,47.81126403808594
6749,Diego González Polanco,20,Defender,2015_2016,47.67759704589844
6652,Jordi Amat Maas,18,Defender,2010_2011,47.675758361816406
26170,Francisco Javier Chica Torres,21,Defender,2006_2007,47.64128112792969
6390,Markel Susaeta Laskurain,20,Attacker,2007_2008,47.554874420166016
11746,Unai López Cabrera,19,Midfielder,2014_2015,47.54593276977539
26453,Juan Alberto Andreu Alvarado,21,Defender,2005_2006,47.505775451660156
7669,Marcos García Barreno,20,Attacker,2007_2008,47.48605728149414
3508,Sandro Ramírez Castillo,20,Attacker,2015_2016,47.44209289550781
26677,Álvaro Domínguez Soto,21,Defender,2010_2011,47.40057373046875
6752,Víctor Ruíz Torre,21,Defender,2010_2011,47.3544807434082
6402,Francisco Alcácer García,20,Attacker,2013_2014,47.33492660522461
13157,Ivan Marcano Sierra,21,Defender,2008_2009,47.22950744628906
6725,Zakaria Bakkali,20,Attacker,2016_2017,47.202510833740234
26756,Julián Luque Conde,18,Midfielder,2010_2011,47.130428314208984
3515,Alberto Moreno Pérez,21,Defender,2013_2014,46.79531478881836
6891,Ezequiel Marcelo Garay,20,Defender,2006_2007,46.73441696166992
6802,Jonathan Castro Otto,18,Defender,2012_2013,46.73441696166992
6702,David Rodríguez Lombán,20,Defender,2007_2008,46.709346771240234
25871,José Izquierdo Martínez,12,Defender,2004_2005,46.63800811767578
6878,Miguel Torres Gómez,20,Defender,2006_2007,46.59891128540039
26679,Manuel Torres Caturla,20,Defender,2009_2010,46.59891128540039
6836,Francisco Javier García Fernández,20,Defender,2007_2008,46.59891128540039
26758,Felipe Mattioni Rohde,21,Defender,2009_2010,46.59891128540039
26638,Alberto Botía Rabasco,20,Defender,2009_2010,46.56443405151367
6693,Raúl Rodríguez Navas,21,Defender,2009_2010,46.56443405151367
6752,Víctor Ruíz Torre,20,Defender,2009_2010,46.56443405151367
26673,Kevin Martín García Martínez,21,Defender,2010_2011,46.56443405151367
6388,Ander Iturraspe Derteano,21,Midfielder,2010_2011,46.562400817871094
26455,José Isidoro Gómez Torres,20,Defender,2006_2007,46.42892837524414
5213,Gerard Piqué Bernabéu,19,Defender,2006_2007,46.42892837524414
25931,Gonzalo Javier Rodríguez,21,Defender,2005_2006,46.42892837524414
6725,Zakaria Bakkali,19,Attacker,2015_2016,46.376895904541016
6594,Santiago Mina Lorenzo,19,Attacker,2014_2015,46.313514709472656
6560,Marc Muniesa Martínez,19,Defender,2011_2012,46.30439376831055
6886,Dídac Vilá Rosselló,21,Defender,2010_2011,46.28102493286133
27459,Antonio Marín Molina,18,Defender,2014_2015,46.20354080200195
26418,José Enrique de la Sánchez Diaz,20,Defender,2006_2007,46.140316009521484
23974,Roberto Antonio Correa Silva,19,Defender,2011_2012,46.11794662475586
6765,Rodrigo Hernández Cascante,21,Midfielder,2017_2018,46.05363464355469
3508,Sandro Ramírez Castillo,21,Attacker,2016_2017,45.82918930053711
24234,Juan Domínguez Lamas,19,Midfielder,2009_2010,45.658851623535156
26441,Daniel Estrada Agirrezablaga,19,Defender,2006_2007,45.53017807006836
26409,Sergio Rodríguez García,20,Defender,2004_2005,45.53017807006836
6765,Rodrigo Hernández Cascante,20,Midfielder,2016_2017,45.37301254272461
26027,Gaizka Bergara Picaza,20,Defender,2006_2007,45.297794342041016
6725,Zakaria Bakkali,21,Attacker,2017_2018,45.26878356933594
6705,José Ángel Valdés Díaz,19,Defender,2008_2009,45.145992279052734
6585,Jeison Fabián Murillo Cerón,21,Defender,2013_2014,44.83236312866211
6649,Óscar de Marcos Arana,20,Defender,2009_2010,44.65968322753906
6710,Rubén Peña Jiménez,21,Defender,2012_2013,44.649436950683594
3052,Pablo Javier Zabaleta Girod,20,Defender,2005_2006,44.649436950683594
3515,Alberto Moreno Pérez,20,Defender,2012_2013,44.558223724365234
26597,László Sepsi,21,Defender,2008_2009,44.547977447509766
6922,Míchel Macedo Rocha Machado,19,Defender,2009_2010,44.4552001953125
6891,Ezequiel Marcelo Garay,21,Defender,2007_2008,44.34573745727539
6770,Esteban Félix Granero Molina,20,Midfielder,2007_2008,44.30173873901367
26788,Jon Aurtenetxe Borde,20,Defender,2012_2013,44.188568115234375
5691,Johan Andrés Mojica Palacio,21,Defender,2013_2014,44.03915023803711
6652,Jordi Amat Maas,19,Defender,2011_2012,44.01686096191406
5721,Daniel Carvajal Ramos,21,Defender,2013_2014,43.86110305786133
26788,Jon Aurtenetxe Borde,19,Defender,2011_2012,43.86110305786133
24683,Diego Ángel Capel Trinidad,21,Midfielder,2009_2010,43.81041717529297
6842,Iker Muniain Goñi,21,Attacker,2013_2014,43.69656753540039
32670,Víctor Gómez Perea,19,Defender,2019_2020,43.65603256225586
26256,Igor Lichnovsky Osorio,21,Defender,2015_2016,43.521053314208984
7669,Marcos García Barreno,19,Attacker,2006_2007,43.31584548950195
23792,Daniel Toribio Gutiérrez,21,Midfielder,2009_2010,43.103363037109375
27401,Bernard Mensah,21,Midfielder,2015_2016,43.08501052856445
16426,Wanderson Maciel Sousa Campos,21,Attacker,2015_2016,43.08173751831055
220761,Miguel Ángel Muñoz Alonso,20,Defender,2015_2016,42.910316467285156
26635,Luis Morán Sánchez,21,Midfielder,2008_2009,42.87483596801758
15651,Juan Bernat Velasco,20,Defender,2013_2014,42.85987091064453
23802,Juan Muñoz Muñoz,20,Attacker,2015_2016,42.8447265625
6904,Sergio Sánchez Ortega,21,Defender,2007_2008,42.615047454833984
6842,Iker Muniain Goñi,20,Attacker,2012_2013,42.58348846435547
6836,Francisco Javier García Fernández,21,Defender,2008_2009,42.54198455810547
26677,Álvaro Domínguez Soto,20,Defender,2009_2010,42.472320556640625
11677,Jorge Pulido Mayoral,20,Defender,2011_2012,42.349098205566406
16688,Marcelo Andrés Silva Fernández,21,Defender,2010_2011,42.302337646484375
26218,Adrián López Rodríguez,20,Defender,2007_2008,42.302337646484375
24631,Agustín García Iñiguez,19,Defender,2004_2005,42.302337646484375
21877,Ignacio Monsalve Vicente,21,Defender,2015_2016,42.301902770996094
7797,Rodrigo Javier De Paul,21,Attacker,2015_2016,41.79421615600586
23924,Mamadou Sylla Diallo,21,Attacker,2015_2016,41.64308547973633
26650,Guilherme Oliveira Santos,21,Defender,2009_2010,41.24215316772461
3957,César Azpilicueta Tanco,20,Defender,2009_2010,41.11698532104492
6744,Luciano Vietto,21,Attacker,2014_2015,41.11555099487305
6735,Adrián López Álvarez,18,Attacker,2006_2007,41.07680892944336
26028,Fernando Amorebieta Mardaras,21,Defender,2006_2007,41.00089645385742
7141,Giuseppe Rossi,21,Attacker,2008_2009,40.943138122558594
26506,José Manuel Rueda Sampedro,19,Midfielder,2007_2008,40.628395080566406
3236,Sergi Darder Moll,21,Midfielder,2014_2015,40.58918762207031
26638,Alberto Botía Rabasco,21,Defender,2010_2011,40.49189758300781
3957,César Azpilicueta Tanco,19,Defender,2008_2009,39.92347717285156
75537,David Goldar Gómez,21,Defender,2015_2016,39.85524368286133
27052,Lévy Clément Madinda,20,Midfielder,2012_2013,39.585060119628906
26788,Jon Aurtenetxe Borde,21,Defender,2013_2014,39.45009994506836
35000,José Manuel Fontán Mondragón,20,Defender,2020_2021,39.38498306274414
6594,Santiago Mina Lorenzo,18,Attacker,2013_2014,39.2506103515625
6877,Yeray Álvarez López,21,Defender,2016_2017,39.08572769165039
26491,Iván Bolado Palacios,18,Attacker,2007_2008,38.759586334228516
10709,Modibo Sagnan,21,Defender,2020_2021,38.721336364746094
24949,Álex Collado Gutiérrez,20,Defender,2019_2020,38.66274642944336
23995,Jaime Romero Gómez,21,Midfielder,2011_2012,38.59370803833008
6922,Míchel Macedo Rocha Machado,20,Defender,2010_2011,38.456478118896484
25871,José Izquierdo Martínez,13,Defender,2005_2006,38.449764251708984
6806,Shaquell Moore,21,Defender,2017_2018,38.42945098876953
6757,Aarón Martín Caricol,19,Defender,2016_2017,38.37130355834961
24711,David Carmona Sierra,18,Defender,2015_2016,38.218238830566406
75546,Carlos Domínguez Cáceres,19,Defender,2020_2021,38.031837463378906
6737,Alfonso Pedraza Sag,19,Defender,2015_2016,37.986366271972656
4445,Jules Koundé,21,Defender,2019_2020,37.97649383544922
22919,Lluís López Mármol,21,Defender,2018_2019,37.943782806396484
24073,Sergio Tejera Rodríguez,20,Midfielder,2010_2011,37.90689468383789
23977,Eduardo Ramos Gómez,17,Midfielder,2009_2010,37.88051223754883
7104,Mathías Olivera Miramontes,21,Defender,2018_2019,37.812408447265625
23972,José Joaquín Matos García,20,Defender,2015_2016,37.759639739990234
34728,Diego Alende López,18,Defender,2015_2016,37.667476654052734
24577,Salvador Ruiz Rodríguez,20,Defender,2015_2016,37.39496612548828
5674,Moussa Wagué,20,Defender,2018_2019,37.37540054321289
6691,David Remeseiro Salgueiro,20,Midfielder,2014_2015,37.30024337768555
22107,Thierry Rendall Correia,21,Defender,2020_2021,37.284934997558594
33339,Manuel Sánchez De La Peña,20,Defender,2020_2021,37.19258499145508
22287,Adrià Giner Pedrosa,20,Defender,2018_2019,37.19258499145508
27189,Bryan Martín Rabello Mella,19,Midfielder,2013_2014,37.19227600097656
30519,Mohamed Salisu,20,Defender,2019_2020,37.16758728027344
6564,Pablo Maffeo Becerra,20,Defender,2017_2018,37.131996154785156
23522,Emerson Aparecido Leite de Souza Junior,19,Defender,2018_2019,37.08623123168945
8068,Maximilian Wöber,20,Defender,2018_2019,37.08623123168945
11744,Peru Nolaskoain Esnal,20,Defender,2018_2019,37.02196502685547
24085,Pervis Josué Estupiñán Tenorio,21,Defender,2019_2020,36.9222412109375
6918,Isaac Ajayi Success,18,Attacker,2014_2015,36.779361724853516
22452,Aihen Muñoz Capellán,21,Defender,2018_2019,36.767578125
6919,Guilherme Antonio Arana Lopes,21,Defender,2018_2019,36.767578125
3064,David Josué Jiménez Silva,21,Midfielder,2007_2008,36.7408447265625
5560,Carlos Alberto Vela Garrido,18,Attacker,2007_2008,36.740318298339844
11292,Pedro Antonio Porro Sauceda,19,Defender,2018_2019,36.733985900878906
6397,Unai Núñez Gestoso,20,Defender,2017_2018,36.698486328125
6720,Pablo Sarabia García,21,Attacker,2013_2014,36.67149353027344
24613,Alejandro Pozo Pozo,20,Defender,2019_2020,36.62763214111328
22129,Valery Fernández Estrada,19,Defender,2018_2019,36.62763214111328
6587,Antonio Latorre Grueso,21,Defender,2018_2019,36.58515548706055
26532,Renan Augusto Lodi dos Santos,21,Defender,2019_2020,36.58476257324219
6765,Rodrigo Hernández Cascante,19,Midfielder,2015_2016,36.52745819091797
9399,Javier Martínez Aginaga,20,Midfielder,2008_2009,36.465267181396484
16338,Uche Henry Agbo,21,Midfielder,2016_2017,36.39219284057617
30081,Nehuén Pérez,20,Defender,2020_2021,36.3132438659668
11532,Jean-Clair Todibo,20,Defender,2019_2020,36.2347526550293
35641,Hugo Guillamón Sanmartín,20,Defender,2020_2021,36.2347526550293
27563,Aitor Buñuel Redrado,18,Defender,2016_2017,36.19464111328125
9399,Javier Martínez Aginaga,21,Midfielder,2009_2010,36.13448715209961
24143,Álvaro Vadillo Cifuentes,18,Attacker,2012_2013,35.82761001586914
16335,Samuel Chimerenka Chukwueze,21,Midfielder,2020_2021,35.73787307739258
6676,Igor Zubeldia Elorza,20,Defender,2017_2018,35.4699592590332
6737,Alfonso Pedraza Sag,21,Defender,2017_2018,35.43081283569336
6704,Theo Bernard François Hernández,19,Defender,2016_2017,35.43055725097656
23761,Alhassane Bangoura,19,Attacker,2011_2012,35.40174102783203
79498,Amankwaa Akurugu,19,Defender,2020_2021,35.33531951904297
6676,Igor Zubeldia Elorza,18,Defender,2015_2016,35.321632385253906
6688,José Ángel Gómez Campaña,18,Midfielder,2011_2012,35.31551742553711
17620,Marc Cucurella Saseta,21,Midfielder,2019_2020,35.28947067260742
6757,Aarón Martín Caricol,20,Defender,2017_2018,35.11336135864258
6870,José Manuel Jurado Marín,20,Midfielder,2006_2007,34.951412200927734
6704,Theo Bernard François Hernández,21,Defender,2018_2019,34.92267990112305
6763,Pablo Daniel Piatti,20,Attacker,2009_2010,34.63579559326172
6821,Jesús Navas González,20,Midfielder,2005_2006,34.56967544555664
23761,Alhassane Bangoura,20,Attacker,2012_2013,34.32792282104492
6676,Igor Zubeldia Elorza,21,Defender,2018_2019,34.25902557373047
23522,Emerson Aparecido Leite de Souza Junior,20,Defender,2019_2020,34.1016960144043
24683,Diego Ángel Capel Trinidad,19,Midfielder,2007_2008,34.06193542480469
26643,Sebastián Ricardo Nayar,20,Midfielder,2008_2009,33.84431457519531
23522,Emerson Aparecido Leite de Souza Junior,21,Defender,2020_2021,33.627933502197266
6842,Iker Muniain Goñi,19,Attacker,2011_2012,33.22762680053711
23855,Pape Maly Diamanka,21,Midfielder,2011_2012,33.181941986083984
6831,Francisco Javier Guerrero Martín,21,Midfielder,2017_2018,33.071353912353516
5674,Moussa Wagué,21,Defender,2019_2020,33.05426788330078
11292,Pedro Antonio Porro Sauceda,20,Defender,2019_2020,32.87472915649414
21568,Royston Ricky Drenthe,21,Midfielder,2008_2009,32.68568420410156
23791,Víctor Casadesús Castaño,21,Attacker,2006_2007,32.66788864135742
16338,Uche Henry Agbo,20,Midfielder,2015_2016,32.553131103515625
6763,Pablo Daniel Piatti,21,Attacker,2010_2011,32.48197937011719
6786,David Timor Copoví,21,Midfielder,2010_2011,32.325523376464844
24143,Álvaro Vadillo Cifuentes,19,Attacker,2013_2014,31.76779556274414
26603,Óscar Sielva Moreno,17,Midfielder,2008_2009,31.657485961914062
23804,Jonathan Pereira Rodríguez,21,Midfielder,2008_2009,31.611289978027344
6761,Leonardo Carrilho Baptistão,21,Attacker,2013_2014,31.546079635620117
24520,Alberto Zapater Arjol,21,Midfielder,2006_2007,31.08088493347168
23931,Francisco Mérida Pérez,20,Midfielder,2010_2011,30.920743942260742
24683,Diego Ángel Capel Trinidad,20,Midfielder,2008_2009,30.435922622680664
26036,Fernando Rubén Gago,21,Midfielder,2007_2008,30.386306762695312
24035,Álvaro Vázquez García,21,Attacker,2012_2013,29.844451904296875
3236,Sergi Darder Moll,20,Midfielder,2013_2014,29.198314666748047
6780,Iván López Álvarez,20,Midfielder,2014_2015,28.722890853881836
27193,Isaac Gómez Sánchez,17,Midfielder,2012_2013,28.63728904724121
15867,Rui Pedro da Rocha Fonte,21,Midfielder,2011_2012,28.24068260192871
21229,Sergi Samper Montaña,20,Midfielder,2015_2016,28.075838088989258
24782,Jonhatan Montiel Caballero,17,Midfielder,2015_2016,27.23267936706543
21147,Borja Mayoral Moya,18,Attacker,2015_2016,26.994413375854492
26036,Fernando Rubén Gago,20,Midfielder,2006_2007,26.943538665771484
3501,Philippe Coutinho Correia,19,Attacker,2011_2012,26.896953582763672
6821,Jesús Navas González,21,Midfielder,2006_2007,26.29457664489746
6842,Iker Muniain Goñi,18,Attacker,2010_2011,25.692808151245117
9558,Fernando Martín Forestieri,19,Midfielder,2009_2010,25.320219039916992
26637,Cristian Portilla Rodríguez,21,Midfielder,2009_2010,25.305927276611328
10852,Miguel Filipe Nunes Cardoso,21,Midfielder,2015_2016,25.024938583374023
26508,Daniel Aquino Pintos,17,Midfielder,2007_2008,24.874296188354492
7125,Khouma El Hadji Babacar,18,Attacker,2011_2012,24.42200469970703
6728,Federico Nicolás Cartabia,20,Attacker,2013_2014,24.301172256469727
3064,David Josué Jiménez Silva,20,Midfielder,2006_2007,24.04308319091797
24035,Álvaro Vázquez García,20,Attacker,2011_2012,23.837194442749023
9399,Javier Martínez Aginaga,19,Midfielder,2007_2008,23.427425384521484
24520,Alberto Zapater Arjol,20,Midfielder,2005_2006,23.172534942626953
16335,Samuel Chimerenka Chukwueze,20,Midfielder,2019_2020,23.142351150512695
6583,Carlos Soler Barragán,21,Midfielder,2018_2019,23.10107421875
11675,Moisés Gómez Bordonado,20,Attacker,2014_2015,23.012493133544922
6720,Pablo Sarabia García,19,Attacker,2011_2012,22.415224075317383
24143,Álvaro Vadillo Cifuentes,21,Attacker,2015_2016,22.33723258972168
6763,Pablo Daniel Piatti,19,Attacker,2008_2009,21.998458862304688
3237,Sergio Leonel Agüero del Castillo,18,Attacker,2006_2007,21.941360473632812
26064,Antonio Tomás González,21,Midfielder,2006_2007,21.639965057373047
25199,Lucas Silva Borges,21,Midfielder,2014_2015,21.612632751464844
24744,Juan Daniel Forlín,21,Midfielder,2009_2010,21.544313430786133
26465,Juan de Dios Prados López,21,Midfielder,2007_2008,21.544111251831055
6907,Pedro León Sánchez Gil,21,Attacker,2007_2008,21.319215774536133
6870,José Manuel Jurado Marín,21,Midfielder,2007_2008,20.96089744567871
21147,Borja Mayoral Moya,21,Attacker,2018_2019,20.87022590637207
25426,Marco Gastón Ruben Rodríguez,21,Attacker,2007_2008,20.76164436340332
24921,Martín Zubimendi Ibáñez,21,Midfielder,2020_2021,20.689414978027344
7428,Alexandre Coeff,21,Attacker,2013_2014,20.55763816833496
23967,Alejandro Fernández Iglesias,21,Midfielder,2013_2014,20.525907516479492
11540,Óscar Guido Trejo,19,Attacker,2007_2008,20.504974365234375
24035,Álvaro Vázquez García,19,Attacker,2010_2011,20.4353084564209
18724,Sofiane Feghouli,21,Attacker,2010_2011,20.429243087768555
26009,Roberto Soldado Rillo,21,Attacker,2006_2007,20.201017379760742
25927,Francisco Sebastián Nadal Martorell,19,Attacker,2005_2006,20.1026554107666
7029,José María Callejón Bueno,21,Attacker,2008_2009,19.93220329284668
7797,Rodrigo Javier De Paul,20,Attacker,2014_2015,19.605457305908203
11672,Samuele Longo,21,Attacker,2013_2014,19.587709426879883
26664,Luis Manuel Villa López,20,Attacker,2009_2010,19.587709426879883
26710,Jorge Galán Anaut,20,Attacker,2009_2010,19.54705047607422
26026,Miguel Pallardó González,21,Midfielder,2007_2008,19.491941452026367
23791,Víctor Casadesús Castaño,20,Attacker,2005_2006,19.434473037719727
3064,David Josué Jiménez Silva,19,Midfielder,2005_2006,19.413787841796875
6761,Leonardo Carrilho Baptistão,20,Attacker,2012_2013,19.36931610107422
20001,Adrián Sardinero Corpa,20,Attacker,2010_2011,19.24583625793457
23936,Antonio Jesús Cotán Pérez,20,Midfielder,2015_2016,19.094985961914062
6695,Juan Miguel Jiménez López,21,Attacker,2014_2015,18.96809959411621
8817,Jhon Andrés Córdoba Copete,21,Attacker,2014_2015,18.83037757873535
26189,Sisinio González Martínez,21,Midfielder,2007_2008,18.733909606933594
24683,Diego Ángel Capel Trinidad,17,Midfielder,2005_2006,18.725955963134766
6773,Federico Santiago Valverde Dipetta,20,Midfielder,2018_2019,18.71224594116211
11539,Adrián Embarba Blázquez,21,Attacker,2013_2014,18.649253845214844
11746,Unai López Cabrera,21,Midfielder,2016_2017,18.586841583251953
26714,Marco Jhonnier Pérez Murillo,20,Attacker,2010_2011,18.580801010131836
4041,José Salomón Rondón Giménez,21,Attacker,2010_2011,18.491127014160156
11389,Francisco José Beltrán Peinado,21,Midfielder,2020_2021,18.467578887939453
6607,Julián Omar Ramos Suárez,21,Attacker,2009_2010,18.466197967529297
3294,Juan Manuel Mata García,19,Attacker,2007_2008,18.353824615478516
5581,Joel Nathaniel Campbell Samuels,20,Attacker,2012_2013,18.311607360839844
16558,Alejandro Pozuelo Melero,20,Attacker,2011_2012,18.311607360839844
10488,Jon Miquel Toral Harper,21,Midfielder,2016_2017,18.273334503173828
21229,Sergi Samper Montaña,21,Midfielder,2016_2017,18.254581451416016
9399,Javier Martínez Aginaga,18,Midfielder,2006_2007,18.21657943725586
6767,Sergio García De La Fuente,21,Attacker,2004_2005,18.12569808959961
3477,Álvaro Borja Morata Martín,21,Attacker,2013_2014,18.09625244140625
5513,Eduardo Antonio Salvio,21,Attacker,2011_2012,18.09028434753418
6574,Douglas Luiz Soares de Paulo,20,Midfielder,2018_2019,18.014842987060547
6559,Juan Carlos Pérez López,21,Attacker,2011_2012,17.988950729370117
6301,Youssef En-Nesyri,21,Attacker,2018_2019,17.82307243347168
26066,Juan José Expósito Ruíz,21,Attacker,2006_2007,17.548099517822266
27252,Christian Daniel Bravo Araneda,20,Attacker,2013_2014,17.45928955078125
5497,Gonzalo Gerardo Higuaín,20,Attacker,2007_2008,17.45038414001465
23796,Marco Sangalli Fuentes,21,Attacker,2013_2014,17.40268325805664
7022,Jesús Joaquín Fernández Sáez de la Torre,20,Attacker,2013_2014,17.3364315032959
6800,Carles Gil de Pareja Vicent,21,Attacker,2013_2014,17.241981506347656
26419,Javier Ángel Balboa Osa,21,Attacker,2006_2007,17.092037200927734
6695,Juan Miguel Jiménez López,20,Attacker,2013_2014,17.092037200927734
25930,Róbson de Souza,21,Attacker,2005_2006,17.051101684570312
25723,Wellington Alves da Silva,21,Attacker,2014_2015,17.018070220947266
26066,Juan José Expósito Ruíz,20,Attacker,2005_2006,17.00132179260254
26775,Thievy Guivane Bifouma Koulossa,19,Attacker,2011_2012,16.96746253967285
16083,José Rodríguez Martínez,20,Attacker,2014_2015,16.892454147338867
3294,Juan Manuel Mata García,20,Attacker,2008_2009,16.858367919921875
26192,Matías Ariel Fernández Fernández,21,Midfielder,2007_2008,16.828577041625977
24136,Federico Vico Villegas,20,Attacker,2014_2015,16.800073623657227
27339,Cedric Mabwati Gerard,21,Attacker,2013_2014,16.753358840942383
23929,Francisco Jiménez Tejada,21,Attacker,2007_2008,16.67995834350586
8000,Bartlomiej Pawłowski,21,Attacker,2013_2014,16.66575813293457
25254,Diego Tardelli Martins,20,Attacker,2005_2006,16.576017379760742
8817,Jhon Andrés Córdoba Copete,20,Attacker,2013_2014,16.5633602142334
26553,Mamadou Koné,20,Attacker,2011_2012,16.53203582763672
4367,Gonçalo Manuel Ganchinho Guedes,21,Midfielder,2017_2018,16.454925537109375
26725,Damián Ariel Escudero,21,Attacker,2008_2009,16.412029266357422
26071,Víctor Javier Añino Bermúdez,17,Midfielder,2006_2007,16.407114028930664
6720,Pablo Sarabia García,20,Attacker,2012_2013,16.347515106201172
26775,Thievy Guivane Bifouma Koulossa,21,Attacker,2013_2014,16.28056526184082
5497,Gonzalo Gerardo Higuaín,19,Attacker,2006_2007,16.27454948425293
31090,Takefusa Kubo,19,Midfielder,2020_2021,16.268075942993164
6840,Marcos Llorente Moreno,21,Midfielder,2016_2017,16.19643783569336
20137,Nélson Miguel Castro Oliveira,21,Attacker,2012_2013,16.130495071411133
24275,Miguel Palanca Fernández,21,Midfielder,2008_2009,16.099666595458984
24053,Álvaro Giménez Candela,20,Attacker,2011_2012,15.936601638793945
18243,Ivan Ricardo Neves Abreu Cavaleiro,21,Attacker,2014_2015,15.80288028717041
6687,Saša Lukić,21,Midfielder,2017_2018,15.747049331665039
6888,Aleix García Serrano,20,Midfielder,2017_2018,15.648578643798828
8193,Maximiliano Gastón López,20,Attacker,2004_2005,15.587567329406738
24068,José Luis Moreno Barroso,20,Attacker,2011_2012,15.558215141296387
6297,Maximiliano Gómez González,21,Attacker,2017_2018,15.534168243408203
18721,Robert Ibáñez Castro,21,Attacker,2014_2015,15.53378677368164
6731,Florin Andone,21,Attacker,2014_2015,15.53378677368164
23627,João Pedro Neves Filipe,21,Midfielder,2020_2021,15.498815536499023
6703,Christian Rivera Hernández,19,Midfielder,2016_2017,15.470124244689941
5543,Haris Seferović,21,Attacker,2013_2014,15.45924186706543
6748,Ferrán Torres García,19,Midfielder,2019_2020,15.29560375213623
25908,Mark Dennis González Hoffmann,20,Attacker,2004_2005,15.24372386932373
26518,Enrique Sola Clemente,21,Attacker,2007_2008,15.148592948913574
8252,Martin Ødegaard,21,Midfielder,2019_2020,15.056578636169434
5563,José Andrés Guardado Hernández,21,Attacker,2007_2008,15.049598693847656
6773,Federico Santiago Valverde Dipetta,19,Midfielder,2017_2018,14.978320121765137
3477,Álvaro Borja Morata Martín,20,Attacker,2012_2013,14.947553634643555
23451,Filipe Augusto Carvalho Souza,21,Midfielder,2014_2015,14.914453506469727
11389,Francisco José Beltrán Peinado,19,Midfielder,2018_2019,14.880196571350098
11301,Miguel Alfonso Herrero Javaloyas,20,Midfielder,2008_2009,14.520051956176758
6799,Brais Méndez Portela,21,Midfielder,2018_2019,14.393804550170898
16558,Alejandro Pozuelo Melero,21,Attacker,2012_2013,14.339727401733398
8819,Alexander Isak,20,Attacker,2019_2020,14.174201011657715
15960,Richmond Yiadom Boakye,20,Attacker,2013_2014,14.130369186401367
6583,Carlos Soler Barragán,20,Midfielder,2017_2018,14.092226028442383
6773,Federico Santiago Valverde Dipetta,21,Midfielder,2019_2020,14.000800132751465
26425,Juan Ángel Albín Leites,21,Attacker,2007_2008,13.948468208312988
13581,Emilio Nsue López,21,Attacker,2010_2011,13.852075576782227
3237,Sergio Leonel Agüero del Castillo,19,Attacker,2007_2008,13.85179328918457
26425,Juan Ángel Albín Leites,20,Attacker,2006_2007,13.641510009765625
18395,Vinícius José Paixão de Oliveira Júnior,18,Attacker,2018_2019,13.575860977172852
26071,Víctor Javier Añino Bermúdez,16,Midfielder,2005_2006,13.53954792022705
22740,Kang-In Lee,19,Midfielder,2020_2021,13.4877290725708
31090,Takefusa Kubo,18,Midfielder,2019_2020,13.458032608032227
12772,Víctor Vázquez Solsona,20,Attacker,2007_2008,13.350733757019043
20063,Javier Ontiveros Parra,18,Attacker,2015_2016,13.322904586791992
26605,Ben Sahar,20,Attacker,2009_2010,13.221918106079102
3294,Juan Manuel Mata García,21,Attacker,2009_2010,13.21261978149414
8193,Maximiliano Gastón López,21,Attacker,2005_2006,13.207417488098145
25942,Kepa Blanco Gonzalez,21,Attacker,2005_2006,13.070775032043457
26160,Ángel Martínez Cervera,21,Midfielder,2007_2008,13.057744026184082
24191,Alejandro Alfaro Ligero,20,Midfielder,2006_2007,12.886917114257812
5497,Gonzalo Gerardo Higuaín,21,Attacker,2008_2009,12.884281158447266
5198,Diego da Silva Costa,21,Attacker,2009_2010,12.66448974609375
3237,Sergio Leonel Agüero del Castillo,20,Attacker,2008_2009,12.662328720092773
3237,Sergio Leonel Agüero del Castillo,21,Attacker,2009_2010,12.572247505187988
6906,Jon Bautista Orgilles,20,Attacker,2015_2016,12.492247581481934
26102,Ferrán Corominas Telechea,21,Attacker,2004_2005,11.985452651977539
24580,Jaime Gavilán Martínez,20,Midfielder,2005_2006,11.886751174926758
8866,Carlos Fernández Luna,19,Attacker,2015_2016,11.648870468139648
26160,Ángel Martínez Cervera,20,Midfielder,2006_2007,11.627936363220215
27481,Carlos Carbonell Gil,20,Attacker,2015_2016,11.565128326416016
6840,Marcos Llorente Moreno,20,Midfielder,2015_2016,11.442217826843262
31469,Andrés Pascual Santoja,19,Attacker,2015_2016,11.425750732421875
6888,Aleix García Serrano,21,Midfielder,2018_2019,11.41331672668457
23264,Seung-Ho Paik,21,Midfielder,2018_2019,11.406167984008789
16249,Yangel Clemente Herrera Ravelo,21,Midfielder,2019_2020,11.392064094543457
26547,Luciano Fabián Monzón,21,Midfielder,2008_2009,11.265362739562988
11384,Manuel Morlanes Ariño,19,Midfielder,2018_2019,11.090600967407227
26101,Joseba Garmendia Elorriaga,21,Midfielder,2006_2007,11.010174751281738
6906,Jon Bautista Orgilles,21,Attacker,2016_2017,10.994812965393066
6866,Marc Roca Junqué,20,Midfielder,2016_2017,10.924896240234375
11389,Francisco José Beltrán Peinado,20,Midfielder,2019_2020,10.73354434967041
38792,Yunus Dimoara Musah,18,Midfielder,2020_2021,10.389634132385254
8819,Alexander Isak,21,Attacker,2020_2021,10.271112442016602
23849,Francisco José Villalba Rodrigo,17,Midfielder,2015_2016,10.193014144897461
11385,Santiago Cáseres,21,Midfielder,2018_2019,10.122679710388184
22321,Ander Barrenetxea Muguruza,18,Attacker,2019_2020,9.99232292175293
6834,Gerard Gumbau Garriga,21,Midfielder,2015_2016,9.891414642333984
50494,Yeremi Jesús Pino Santos,18,Midfielder,2020_2021,9.760947227478027
49433,Hachim Mastour,17,Midfielder,2015_2016,9.537720680236816
6703,Christian Rivera Hernández,20,Midfielder,2017_2018,9.460128784179688
16212,Óscar Rodríguez Arnaiz,21,Attacker,2019_2020,9.422863960266113
27340,Dejan Dražić,20,Attacker,2015_2016,9.307560920715332
22915,Diego Lainez Leyva,18,Attacker,2018_2019,9.236087799072266
22418,Bryan Gil Salvatierra,18,Midfielder,2019_2020,9.06168270111084
16212,Óscar Rodríguez Arnaiz,20,Attacker,2018_2019,8.960796356201172
24976,Abel Ruiz Ortega,18,Attacker,2018_2019,8.893919944763184
25104,Rodrygo Silva de Goes,18,Attacker,2019_2020,8.853068351745605
8099,Hernán Darío Toledo,21,Attacker,2017_2018,8.846789360046387
6902,Óscar Melendo Jiménez,19,Attacker,2016_2017,8.822360038757324
23747,Cristian Omar Espinoza,21,Attacker,2016_2017,8.822360038757324
4909,Jeremie Boga,19,Attacker,2016_2017,8.822360038757324
16335,Samuel Chimerenka Chukwueze,19,Midfielder,2018_2019,8.805378913879395
6846,Andreas Hoelgebaum Pereira,21,Attacker,2016_2017,8.791650772094727
6574,Douglas Luiz Soares de Paulo,19,Midfielder,2017_2018,8.745752334594727
47375,Robert Navarro Muñoz,18,Midfielder,2020_2021,8.72575569152832
35473,Unai Vencedor Paris,20,Midfielder,2020_2021,8.675667762756348
26064,Antonio Tomás González,20,Midfielder,2005_2006,8.633265495300293
7621,Hugo Duro Perales,19,Attacker,2018_2019,8.617780685424805
22321,Ander Barrenetxea Muguruza,17,Attacker,2018_2019,8.388609886169434
6874,Ermedin Demirović,19,Attacker,2017_2018,8.28310775756836
6760,Enes Ünal,20,Attacker,2017_2018,8.28310775756836
18395,Vinícius José Paixão de Oliveira Júnior,20,Attacker,2020_2021,8.1409912109375
24037,Alberto Soro Álvarez,21,Midfielder,2020_2021,8.13550090789795
6678,Emmanuel Okyere Boateng,21,Attacker,2017_2018,8.10494327545166
6621,Amath Ndiaye,21,Attacker,2017_2018,8.069433212280273
23211,Víctor Mollejo Carpintero,19,Attacker,2020_2021,7.965607643127441
17620,Marc Cucurella Saseta,20,Midfielder,2018_2019,7.8964080810546875
6799,Brais Méndez Portela,20,Midfielder,2017_2018,7.884211540222168
11671,Juan Camilo Hernández Suárez,20,Attacker,2019_2020,7.869755268096924
25104,Rodrygo Silva de Goes,19,Attacker,2020_2021,7.628057479858398
22321,Ander Barrenetxea Muguruza,19,Attacker,2020_2021,7.595281600952148
41083,Rodrigo Sánchez Rodriguez,20,Attacker,2020_2021,7.533651351928711
6803,Emre Mor,20,Attacker,2017_2018,7.440919399261475
7064,Lucas Ariel Boyé,21,Attacker,2017_2018,7.440919399261475
6760,Enes Ünal,21,Attacker,2018_2019,7.361931324005127
23492,Stiven Ricardo Plaza Castillo,19,Attacker,2018_2019,6.969970703125
30760,Borja Sainz Eguskiza,19,Attacker,2020_2021,6.969970703125
25006,Carles Pérez Sayol,21,Attacker,2019_2020,6.926547527313232
12041,João Félix Sequeira,21,Attacker,2020_2021,6.880227565765381
11671,Juan Camilo Hernández Suárez,19,Attacker,2018_2019,6.835956573486328
22199,Sergio Gómez Martín,20,Attacker,2020_2021,6.831173419952393
6902,Óscar Melendo Jiménez,21,Attacker,2018_2019,6.792824745178223
34515,Fernando Niño Rodriguez,19,Attacker,2019_2020,6.763784885406494
31467,Eneko Capilla González,20,Attacker,2015_2016,6.671384334564209
31779,Tomas Franco Tavares,19,Midfielder,2020_2021,6.654898166656494
6387,Iñigo Córdoba Kerejeta,20,Attacker,2017_2018,6.606504440307617
39598,Miguel Baeza Pérez,20,Attacker,2020_2021,6.282243728637695
18395,Vinícius José Paixão de Oliveira Júnior,19,Attacker,2019_2020,6.195067882537842
25006,Carles Pérez Sayol,20,Attacker,2018_2019,6.127783298492432
7478,Alejandro Berenguer Remiro,21,Midfielder,2016_2017,6.0739030838012695
47447,Gabriel Veiga Novas,18,Midfielder,2020_2021,6.046871185302734
11671,Juan Camilo Hernández Suárez,21,Attacker,2020_2021,6.008650779724121
5516,Pione Sisto Ifolo Emirmija,21,Midfielder,2016_2017,5.915052890777588
27567,Mateo Ezequiel García,20,Midfielder,2016_2017,5.914498329162598
197562,Iñigo Barrenetxea García,21,Midfielder,2015_2016,5.715572834014893
6748,Ferrán Torres García,18,Midfielder,2018_2019,5.6023101806640625
26026,Miguel Pallardó González,20,Midfielder,2006_2007,5.38133430480957
23946,Miguel Olavide Montes,20,Midfielder,2016_2017,5.354435920715332
30277,Jon Moncayola Tollar,21,Midfielder,2019_2020,5.337806701660156
12041,João Félix Sequeira,20,Attacker,2019_2020,5.324488162994385
41125,Abdallahi Mohamed Mahmoud,19,Midfielder,2019_2020,5.006518840789795
31885,Pol Lozano Vizuete,20,Midfielder,2019_2020,4.8189592361450195
6583,Carlos Soler Barragán,19,Midfielder,2016_2017,4.438985347747803
6896,Marlos Moreno Durán,21,Midfielder,2017_2018,4.207174301147461
30225,Oihan Sancet Tirapu,19,Midfielder,2019_2020,4.162432670593262
10323,Alfa Semedo Esteves,21,Midfielder,2018_2019,4.068030834197998
117025,Hugo Sotelo,17,Midfielder,2020_2021,4.044844150543213
6575,Emanuel Cecchini,21,Midfielder,2017_2018,3.963409662246704
20540,Rubén de la Red Gutiérrez,21,Midfielder,2006_2007,3.1615712642669678
41107,Sabit Abdulai,21,Midfielder,2020_2021,3.021191358566284
41202,Giorgi Kochorashvili,21,Midfielder,2020_2021,2.318277359008789
31914,Omobolaji Habeeb Adekanye,21,Midfielder,2020_2021,0.0
